Day,Platform,Content Pillar,Hook / Headline,Caption Template,Format,Best Posting Time,CTA
1,LinkedIn / X,Thought Leadership,"99% of corporate events in Bangalore waste ₹10L on the wrong things. Here's what actually matters.","Most founders think events need expensive champagne and giant hoardings. In reality, attendee retention comes down to 3 things: 1. Audio engineering that doesn't cause ear fatigue, 2. Fast VIP badge printing under 10 seconds, 3. Frictionless networking zones. What is the #1 mistake you have seen at tech summits?",Carousel / Text,8:30 AM,Comment your thoughts
2,Instagram / Reels,Behind The Scenes,"Setting up an 80-foot 4K curved LED stage in under 6 hours.","Fast-paced hyperlapse showing our technical crew assembling stage trusses, testing audio frequencies, and calibrating high-lumen projectors at The Leela Palace Bengaluru. Execution speed is our competitive advantage.",Short Reel (30s),1:00 PM,DM 'STAGE' for rate card
3,LinkedIn,Case Study,"How a single corporate hackathon generated 400+ qualified developer hires in 48 hours.","Full breakdown of attendee logistics, live streaming infrastructure, and hackathon judging platform deployed for our Bangalore client.",Long-form Article,9:00 AM,Link in bio to read case study
4,Instagram / LinkedIn,Contrarian View,"Why hiring an 'influencer agency' in Dubai is throwing money into the ocean.","If you are selling luxury real estate in Downtown Dubai, teen TikTok dances will not move AED 10M penthouses. You need targeted algorithmic search capture and direct WhatsApp VIP concierge funnels. Here is the math.",Infographic Card,6:00 PM,Save this post for later
5,X / Twitter,Actionable Framework,"The 5-minute cold email that gets 40% open rates with Bangalore CTOs:","Thread breaking down our 4-sentence cold outreach architecture.",Text Thread,11:00 AM,Retweet if helpful
6,Instagram,Client Spotlight,"Honoring our venue partner: Why Taj West End is our #1 choice for executive dinners.","Photo carousel showcasing ambient lighting, acoustic balance, and VIP security coordination at Taj Bangalore.",Photo Carousel,7:30 PM,Share with your event team
7,LinkedIn,Founder Story,"How I built SAMRAT WORLDWIDE with direct founder access for every client.","In an era of outsourced junior account managers, founders want to talk to founders. Ismail Kazia on why direct ownership wins every single high-ticket deal.",Personal Story,10:00 AM,Connect on WhatsApp
8,X / Threads,Quick Tip,"Before you book any banquet hall in Bangalore, ask this 1 question:","'What is your true unthrottled internet upload speed on event floor?' If they cannot guarantee 100Mbps dedicated fiber, your live broadcast will stutter.",Short Punchy Text,2:00 PM,Bookmark this
9,Instagram,Tutorial,"3 Canva mistakes that make your business look like an amateur hobbyist.","Video walkthrough showing font pairing, negative space, and black velvet aesthetic styling.",Reel / Video,5:00 PM,Download our free font kit
10,LinkedIn,Industry Report,"Bangalore vs Dubai: Where should your startup host its 2026 international expansion summit?","Comparative breakdown of venue cost, visa ease, media presence, and investor density.",Data Table Graphic,8:45 AM,Download full 10-page guide
